"","Dose_groups","CNI_dose_Mean","SLSS_dose_Mean"
"1",0,4.28515625,4.52708333333333
"2",1,4.12619535519126,4.51775956284153
"3",2,4.27341445427729,4.63274336283186
"4",3,4.35747354497355,4.57407407407407
"5",4,4.22395833333333,4.47916666666667
"6",5,4.40322580645161,4.5752688172043
