"","CNI_all_Mean","SLSS_all_Mean"
"1",4.25791910331384,4.55458089668616
