"","Grd_groups","NR6_GRD_Mean","SLSS_GRD_Mean"
"1","6-8",3.6301531213192,4.21453811206461
"2","9-12",3.53444034440344,4.15181866104375
"3",NA,NA,NA
