"","GradeLevel","CNI_GRD_Mean","SLSS_GRD_Mean"
"1",3,4.24368686868687,4.53030303030303
"2",4,4.23843804537522,4.47033158813263
"3",5,4.29657643312102,4.68259023354565
